Account,Entry1,Entry2,Entry3,Entry4,Entry5,Entry6,Entry7,Entry8,Entry9,Entry10
Adobe_pdf,hdquemada@gmail.com,spuntaG23%^,kffhquem@gmail.com,via_email_address
Africa_Riskview,hector.quemada@wmich.edu,a57add9
Agriculture_and_Food_Systems_Institute,hdquemada,Thankyouforyourinterest,
Ahoona,www.ahoona.com,hdquemada@gmail.com,UHJWx6fLefReT:5
AirBnB,hdquemada@gmail.com,XJ!SbX9^^e
Airtable,hdquemada@gmail.com,AchillesBurns2019,www.airtable.com
Alephium,T?^Nv^hZWf
Amazon,hdquemada@gmail.com,o708ix+7
Amazon,hector.quemada@wmich.edu,FSAorHSAcards
Amazon,hquemada@protonmail.com,Wray&Nephew,hquemada_fire_reader@kindle.com,hdquemada@kindle.com
American_Airlines,WTF9536,IceMountain0833
American,Express,hdquemada1,T0nu1Ab0utSEA,This_is_the_way_I_access_this_card_most.
Ameriprise,kffquem,50895Fd83ba79432b78eb5e5c7f08708e972115@,ClientID_157404690001
Amtrak,hquemada@danforthcenter.org,spuntaG2@#
Ancestry,hdquemada@gmail.com,thenext2hours
Animaker,https://tool.animaker.com/dashboard,Google_hdquemada@gmail.com
Apple_ID,hdquemada@tutanota.com,H8F5UuS3,
Arduino_student_kit,white_spider5,combineor2
ArticulateID,hector.quemada@wmich.edu,spuntaG2
Arturia,hdquemada@gmail.com,u_t64JyM48CYm9s
AT&T,hquemada@protonmail.com,73P2C#rm7f,7277,356846114421775,includes,MicroCell,(att.com/microcell)
Audio_hijack,FNLY-UCPA-89XB-VE96-3VZY-RQGZ-PNDH-GNQR-MEYK
Authy,hdquemada@gmail.com,Election532022
Authorea,hdquemada@gmail.com,sPuntaG23@#
Avast,hdquemada@gmail.com,85j$bv2n^0
Avid(Mackie),hdquemada@gmail.com,ByCreating103,also_same_password_as_iLok_Account
BCBSM,hdquemada,NHYdVF7YPjh-7,7648
Best_Buy,hdquemada@yahoo.com,AchillesBurns2016
BIGVU,via_Facebook
Blaine's,hdquemada@gmail.com,Poopface10
Box.com,hdquemada@gmail.com,PrNd321L
Bronson,MyChart,QuemadaH,summer18
BubbleUP,via_hquemada_(Google),AchillesBurns,2017
Bullhorn,IceBreakers
Butterflies_and_Moths_of_North_America,hdquemada,bKZLzwHKSh
CABI,Becauseyou
Camtasia,via_Google,LicenseKey,DQH4G-CAC85-GF67D-AD2HG-H7CE8,password:H7CE8H7CE8,upgradeKey,JHZMD-RZU9L-A7KYM-LF9LP-J9A6M,2022Key,AKQC8-94JAA-5CRXC-DHJH5-J4R66
Carta(PebbleLabs),hdquemada@gmail.com,hquemada@protonmail.com,cadc317b7b45d32
Cavalry,hdquemada@gmail.com,Weneedjustafewdetails2#
CBD,hdquemada@gmail.com,BCH@biodiv.org
Charter/Spectrum,baquemada,8A162e8f6191ba13,security_code_2549
Chase,hecbobquemo1,M@yOnly01:09PM
ChexSystems,www.chexsystems.com,Reference_ID_CXDS2017298
chord.us,https://chord.us/hector,via_google,hdquemada@gmail.com
citationsy,hdquemada@gmail.com,spuntaG23@#
citationsy,hector.quemada@wmich.edu,spuntaG2
Club_Wyndham,mauikahana,K@han@Beach,https://www.myclubwyndham.com,Member_number_00202706876
CodingGame,hdquemada@yahoo.com,spuntaG2
CorelAfterShot,hdquemada@gmail.com,LicenseKey/SerialNumber:AL03R22-Y5SD8PR-USU887J-SGN7Z2J
CorelClipStudioPaintPro,hdquemada@gmail.com,hector@192.168.1.21,LicenseKey/SerialNumber:SP1DEP-A1NC9J-F7E8H5-A580A1-MAH8CC,
CapitalOneShopping,hdquemada@gmail.com,K65a6dCYpqQU_yA!
Class,Central,via,Google,kffhquem@gmail.com
Coinbase,hdquemada@gmail.com,yZnDiUEU7dDYt!p
CorelPainterEssentials,hdquemada@gmail.com,hector.quemada@wmich.edu,LicenseKey/SerialNumber:PE07B22-GVGHTLL-A5UES3G-4JBNK9L,
Coursera,hector.quemada@wmich.edu,GeneDrive
CROP,hdquemada@gmail.com,o?cuz#Q9p@
DCoder,hecbob,codinglearner,kjp8re+6tvmri1nht3gw@sharklasers.com
Delta,2151767916,AchillesBurns2016
Desmos,hector.quemada@wmich.edu,MustangBattery0430
DirectTV,hquemada@protonmail.com,73P2C#rm7f,
Discord,hdquemada@gmail.com,123spacedone
Disney+,caleb.d.batts@gmail.com,Bulldog3
DJI_Mimo/Osmopocket,hdquemada@gmail.com,NewToy0320
Docker_hub,hdquemada@gmail.com,YF_!Qgw6qm
Doodle,hdquemada@gmail.com,via_Google
Doodly,hdquemada@gmail.com,DitUuqci
Dropbox,hdq0305@yahoo.com,spuntaG23@#
Dropbox,hdquemada@gmail.com,hackathon2wild53
Ducoin,https://wallet.duinocoin.com,kffhquemraven,UvJv7Y!ngzF8:Kz
Duo_account_recovery_Hasbetween10
DuoVeo,kffhquem@gmail.com,Mustcontain8#
EarnApp,via_Google,kffhquem@gmail.com
eBay,hdq001,HollywoodStudios0220
Ecobee,hdquemada@gmail.com,quilter11
Edx,hdq0305@yahoo.com,AchillesBurns2018
Elsevier,hdquemada@gmail.com,OnlineSubscriptions2
Email.js,kffhquem@gmail.com,eH_!*!k*@Zb!3aX
Equifax,hquemada@protonmail.com,AgSc1Con$ultingLLC
ESPN+,danquemada@gmail.com,Kalakasan3
Eventbrite,hector.quemada@wmich.edu,Yourpasswork
Exchange_rate_API,https://www.exchangerate-api.com,hdquemada@gmail.com,Terms&Conditions,API_key:,0e22ce495bded302d7f6dd0d,example_request:,https://v6.exchangerate-api.com/v6/0e22ce495bded302d7f6dd0d/latest/USD,example_request:,https://v6.exchangerate-api.com/v6/0e22ce495bded302d7f6dd0d/pair/USD/GBP
Experian_Security_freeze_PIN,1453213935,hdquemada@gmail.com,25A4a74e35449effd449003058b8251c958c9240,7277
EZPassOH,Hdquemada,Trixie13$
FAA,hdquemada@gmail.com,spuntaG23@#
Facebook,hdquemada@gmail.com,http/checkpoint/flow,Duo_account_recovery_Devel0perCareer$
Fanatics,password,CreateAccount
FedEx,hdquemada,hdquemada@gmail.com,DenotesRequiredField3
Feeder.co,hdquemada@gmail.com,spuntaG2
FeeX,hdquemada@gmail.com,spuntaG2
Fidelity,NetBenefits,486682556,AchillesBurns2017
Fidelity_SIMPLE_IRA,https://institutional.fidelity.com/app/logged-out?clientType=SH,hdquemada1,Account#3900481030,dW!8f5qAPhvMFA2
Fidelity_SIMPLE_IRA_admin_site,fasimple.com,fi034019,5G2!Wg*a,Employer_master_account#,951712427
Account#_3900481030,dW!8f5qAPhvMFA2
Firefox,hdq0305@yahoo.com,kffhquem@gmail.com,CriminalMind$Corona
Flex,hquem2556,WEXHealthInc2004,https://basic.lh1ondemand.com/Login.aspx?ReturnUrl=%2f,New_system:https://cda.basiconline.com/login,hector.quemada@wmich.edu,Call800#723539
Flourish,via_google,(hdquemada@gmail.com,login)
FontAwesome,hdquemada@gmail.com,yv:NLj5p_56FM.B,Kit,script,<script,src="https://kit.fontawesome.com/3ff316ca38.js",crossorigin="anonymous"></script>
FreeCodeCamp,via_Github
FreeConferenceCall.com,hdquemada@gmail.com,BySigningUp
Frontiers,hdquemada@gmail.com,EmailPreverences3
GeneConvene,Academy,hdquemada@gmail.com,hdquemada,40$&14%3PXebs^ud,https://academy.geneconvenevi.org/wp-admin
GitHub,hdquemada,7e2bf9a7f270b60c8156e06671f6aacf93757f71,
Gmail,hdquemada@gmail.com,$c0$tKP6Gv
Gmail,kffhquem@gmail.com,a4iK8o3H11
Gmail,2rcmission@gmail.com,!HY*FLtYpg,Google_meet_code,hsr-zdrc-sen
GroupMe,hdquemada@gmail.com,3fgR0hP@S@,backup_code_klchx-0eelr
H5P,hdquemada,VHYdfHT6
Hawaii_safe_travels,https://travel.hawaii.gov/\#/,&py13kt$M0
Hilton_Hhonors,hdquemada,AchillesBurns2017,2914,773283195
Hive0S,hdquemada@gmail.com,hdquemada,m567624bYK:-b7q
Homeagain,hdquemada@gmail.com,ZRCG0sQJ
Honeygain,hdquemada@gmail.com,GoProHero3+
HSA,Bank,myaccounts.hsabank.com,hdquemada,XVHp6p-33Fhdq
Huddleboard,hdquemada@gmail.com,HoseholdWipe5
iDagio,hdquemada@gmail.com,NextHallmakChannel
IHG,hdquemada@gmail.com,955852262,PIN_2295
imgur.com,hdquemada,214e4927,hdq0305@yahoo.com
iNaturalist,hdquemada@gmail.com,Achilles2017
InsightMaker,kffhquem@gmail.com,30b1e5885e,
Instructables,hdquemada,hdquemada@gmail.com,@M#zNm?Whv
Internet,Archive,via,Google,hdquemada@gmail.com
iTunes_phone_backup,spuntaG2
Jabra,hector.quemada@wmich.edu,ANumber0fSubmissions,tel:1-800-327-2230
Jackson_Labs,hector.quemada@wmich.edu,register012220
Jsbin&CodePen,via_GitHub
JStor,hdquemada@gmail.com,spuntaG2
Kahana_Beach,mauikahana,JayhawkMug
Kalamazoo,Nature,Center,hdquemada@gmail.com,InterlochenJuly6
Kenya_eVisa,Hector.quemada@gmail.com,spuntaG2
Kenya_eVisa,hquemada@danforthcenter.org,AchillesBurns7277
Khan_Academy,hdquemada,hdquemada@gmail.com,5EMzRkN$
Kindle_Fire_email,hdquemada_642a84@kindle.com
Kite,hdquemada@gmail.com,pythonandccoder
KLM_Air_France,hdquemada@gmail.com,Achilles2018
Known_Traveler,982830618
Kopernio,hdquemada@gmail.com,Pleasedonotenter
Kopernio,hector.quemada@wmich.edu,spuntaG2
Krisp,via_email_address,hdquemada@gmail.com,hector.quemada@wmich.edu
Lancet,hdquemada,9#74$^^H$S
LastPass,hdquemada@gmail.com,b07356934dc3efa88B
LibreOffice,https://gerrit.libreoffice.org/q/status:open,hdquemada@gmail.com,Cancel668150
LinkedIn,hdquemada@gmail.com,PhD202659
Logos,hdq0305@yahoo.com,CNP#bT9*f1,www.logos.CommunityLogin
Logos,hdquemada@gmail.com,Qv.8d$v!QV
Loom,hdquemada@gmail.com,via_Google
Loom,hector.quemada@wmich.edu,SeeYouIn1Minute,also_via_Google(hdquemada@gmail.com)
Lufthansa,hquemada@danforthcenter.org,spuntaG23@#
MailChimp,hdquemada,AchillesBurns@019
Mailjet,kffhquem@gmail.com,94d5f378b2193!!
Make,via_Google,kffhquem@gmail.com
Makers_Mark,hdquemada@gmail.com,hdq1736885
Marriott_Rewards-323524415,hdquemada@gmail.com,spuntaG2,also...13394?
Marriott_Rewards-Bonvoy,659963081
Medicare,hecbobmedicare,MustB8216Ch@ract,City_you_first_met_your_spouse,Lawrence
Melon_app,via_google
Mendeley,hdquemada@gmail.com,spuntaG2
Mental_Modeler,mentalmodeler,mentalmodeler
Mentimeter,https://www.mentimeter.com,via_Google_login,hdquemada@gmail.com
Microsoft,ID,hectorquemada@hotmail.com,Callthe24hourHELPline,also,hdquemada@gmail.com_accout,GitHub,login_for_Teams
MSU_Guest_Access,https://auth.msu.edu/app/UserHome,hector.quemada@wmich.edu,@nhLZR3WKR
NASA_API_key,XogOH6nYzTxLyTXpln4WjBG5bjwgj7OPD1T8a7l2
National_Academy_of_Sciences,myNAP,hector.quemada@wmich.edu,spuntaG2
National_Emerald_Club,hdquemada@gmail.com,993715284,spuntaG2
neo4j,9c5ywGNUqF7Bjj7JFWuCCk2oVbL87pyhHz3RVMwqHZg,via_Google,kffhquem@gmail.com
Netflix,baquemada@gmail.com,Kingpoop35#%
NetGear_router,admin,spuntaG2
Netlify,via_GitHub
News_API,hdquemada@gmail.com,vfN8bCEz,API_key:9821a140c8884ec689055a24a654d16f
NewYorkTimes,hdq0305@yahoo.com,Youagreetoreceiveupdates
NoIP,kffhquem@gmail.com,Z!cZwXWZ3v:aL4D,hdquemada.hopto.org,username_kffhquem
Notarize.com,via_Google,gmail,wyg-V7x7RfX52w.
Notion,hector.quemada@wmich.edu,Setapassword092720,unlimited_educational_plan
Odysee,hdq0305,IcebreakersMints
OnlyOffice,hdquemada,hdquemada@gmail.com,oM8?0WW@?1
OpenDNS,hectorquemada@hotmail.com,AchillesBurns@018
Open_Weather,openweathermap.org,hdquemada,WeWillUse,API_key:6fc59ea854f7f40a294fe43f7012be2c
Opera,hdquemada,AchillesBurns2016
Oracle_Cloud,https://cloud.oracle.com,hdquemada,hdquemada@gmail.com,wzdKV9y3cv6ctH_,root_password,spuntaG2,static_ip,129.153.129.9
ORCID_Identifier,0000-0003-0003-0739,dbinom(4,
Otter,hdquemada@gmail.com,AchillesBurns2019
Outlook,hdquemada@outlook.com,Themysteryfacegame
Overleaf,hdquemada@gmail.com,AchillesBurns2018
p5.js,via_GitHub
Pandora,hdquemada@yahoo.com,spuntaG2
Panopto,via_google
Papyrus_Author,hdquemada@gmail.com,IagreetoPapyrus
Paramount+,hdq0305,3065e1854
PayPal,hdquemada@gmail.com,lH0O#^W!8G,security_question_answers__graden
PayPal,hdquemada@yahoo.com,T@lkT0Willy,Account_blocked_per_my_request_2/28/2020_Call,(402)-935-7733
PDFElement_Pro_6,hector.quemada@wmich.edu,2278E153A358622DB717CB5BFA92EB56
Peloton,hdquemada@gmail.com,Belle2022
Pencil,https://my.pencilapp.com/account,login_via_Google
Pfizer_HR_source,userid_(SSN#),AchillesBurns2020,http://www.hrSourcebenefits.pfizer.com
PHP,hdquemada,hdquemada@gmail.com,RxBIN610014$
PHP,OTC,hdquemada,hdquemada@gmail.com,!4Iix#15de
Pinterest,hdquemada@gmail.com,TodayExplore
Playcode.io,via,Google,kffhquem@gmail.com
Plugin_boutique,hdquemada@gmail.com,Checkyourspam
PNC_voice,Belle0112
Pocket,hdquemada@gmail.com,spuntaG2
Podbean,kffhquem@gmail.com,7cd8217E#
Powtoon,WMU_Office_365_account
Prezi,hdquemada@gmail.com,WelcometoPreziVideo0526
Protonmail,hquemada@protonmail.com,N0C4rackS7p34,15479
PubFacts,ORCID_Identifier:0000-0003-0003-0739
Pushbullet,via_Google,hdquemada@gmail.com
QDoba,hdquemada@gmail.com,l7937463Lu#
Quizlet,hector.quemada@wmich.edu,spuntaG2
Radisson,6015995101212587
Raspberry,pi,hdquemada@gmail.com,^NN4zV!&c4
Reddit,hdquemada,spuntaG23@#
Red,Cross,redcrossblood.org,hdquemada@gmail.com,hdquemada,T383#9L5O3
Refrigerator,hdquemada@gmail.com,spuntaG2
Remove.bg,hdquemada@yahoo.com,SpuntaG2
Researcher,via_hdquemada@gmail.com
ResearcherID,hquemada@danforthcenter.org,AchillesBurn$2016
ResearchGate,hdquemada@gmail.com,DownloadOnTheAppleStore
Research_Square,hector.quemada@wmich.edu,90a81d0b#$
Restream,hdquemada@gmail.com,WE^!Jv2?m@
Reuters_pictures,hdquemada,A>WxZy'8&%,
Ring_Central/Glip,hdquemada@gmail.com,o8u8n2+ekg
Ritz‑Carlton_Rewards_Number,xxxxx4415
Riverside.fm,2rcmission@gmail.com,]F&9Smu3
Riverside.fm,hdquemada@gmail.com,77a894cfd
Riverside.fm,kffhquem@gmail.com,UseAtLeast8Why?
Rock_Class_101,hecbob,ukelearner
RStudio_Cloud,kffhquem@gmail.com,via_Google
RunSignUp,hdquemada@gmail.com,A4e37953D
Sandals,hdquemada@gmail.com,Sandals&Beaches
Scapple,hdquemada@gmail.com,SCAPPLE001-L9F2-4T6E-A38P-9HLF-H1H9
Schoolhouse.world,via_google,kffhquem@gmail.com
Scratch,hecbob,codinglearner,hdquemada@gmail.com
Scrible,hdquemada@gmail.com,and,kffhquem@gmail.com
Scrivener,hdquemada@gmail.com,C5BEB6C0-FEDBC76E-C7015320-0C2EB4CC-3F0C5262
Seagate_drive,Bevlaptop_account,quilter11
Seagate_drive,family_account,quilter11
Seagate_drive,hdquemada_account,Obesity2017
Seagate_drive,hdquemada,Obesity2017
Second_Reformed_Church,hdquemada,kffhquem@gmail.com,challengstories
Sejda,hector.quemada@wmich.edu,spuntaG2
SendRecurring,hdquemada@gmail.com,AchillesBurns2017,https://www.sendrecurring.com/
Silver,Sneakers,Get,Set,Up,hdquemada@gmail.com,C86I^J4rOr
Sketchwow,hdquemada@gmail.com,VRC9C-Q5PQ4-ZD7XD-RDD4G-AF0UU
SkyBonus®_ID,US0084529
Skylight,quemadafamily@ourskylight.com,T2ew167@$?
Skymiles_Dining,hquemada,spuntaG2
Skype,hdquemada,DisneyStudi0$,hectorquemada@hotmail.com,Callthe24hourHELPline
Snapchat,hdq0305@yahoo.com,hdquemada,AnM22920
Social_Security_Administration,Achillesburns,spuntaG23%^
Spotify,hdq0305@yahoo.com,c44bf080f
Springer,Nature,hdquemada@gmail.com,73ac6af6fFhdq
SSRN,hdquemada@gmail.com,CreateAccount013021
Stack_Overflow,hdquemada@gmail.com,ImN0tARobot
Starbucks,hdq0305@yahoo.com,Between8and25$
Starwood_Preferred_Guest,hquemada@danforthcenter.org,spuntaG2,52295372729
SoundQ,kffhquem@gmail.com,#^kKth92u*
Tableau_Public,hdquemada@gmail.com,$parkC0nversation,https://public.tableau.com/profile/hector.quemada#!/
TaxCaddy,hdquemada@gmail.com,DQ!Dh@@?3W
Thunkable,hdquemada@gmail,gmail_password
TIAA-CREF,qraven,Bb87aff083a3fcb3d69
Ticketmaster,Hdquemada@yahoo.com,spuntaG23@#
Tinybeans,hdquemada@gmail.com,Ln211Col39
TON,1OD*0T@*8c
TopHat,hector.quemada@wmich.edu,spuntaG23@#
Tracktion,https://marketplace.tracktion.com/redeem,ExistingCustomers163
Transgenic_Research,hdquemada@gmail.com,hquemada,73ac6af6fF
Transgenic_Reseach,Willy_Tonui,kffhquem@gmail.com,$nJCNS!K@1
Travel_information,hdquemada@gmail.com,5HS*QSvWh*5HS*QSvWh*,login.gov
TripAdvisor,hdquemada@yahoo.com,spuntaG23@#
TrustedID,",",Obesity2017
Tutanota,hdquemada@tutanota.com,C0C0aButterWithShe@,iPad_recovery,d85f649aa3f20350c89e7f2245905b0a49a4bed1d2967e949b897824885f64e1
Twitch,hdquemada@gmail.com,Thepasswirdfielf
Ukelikethepros,https://www.ukelikethepros.com/,spuntaG2
United_Mileage_Plus,MW516531,AchillesBurns2017
Upromise,hdquemada@gmail.com,FF096ed8ef
UPS,hdquemada@gmail.com,hdquemada,
USPS,hdquemada@gmail.com,AchillesBurns2019,Hdquemada
Vensim,hector.quemada@wmich.edu,71f4a81fa
VIA,hdquemada@gmail.com,spuntaG2
Videoleap,via_Google,kffhquem@gmail.com
Vimeo,hdquemada@gmail.com,g0vr*E?*YU
Vivaldi,hdquemada@gmail.com,QuemHe19L1967,decryption_password:_devrevenues20
Vizhub,via_GitHub
Wacom,hdquemada@gmail.com,hector.quemada@wmich.edu,dmnKkgeyEwJ-nP8
Walgreen's,hdquemada@gmail.com,2Gc-J5Y5xgbUaHp
Webflow,kffhquem@gmail.com,via_Google
Wikipedia,hdquemada,hdquemada@gmail.com,spuntaG2
Wisdom.app,via,AppleID,login
Wishlistr,hdquemada,spuntaG2
Wolfram_Alpha,hdquemada@gmail.com,spuntaG2
Wondershare,hquemada@danforthcenter.org
Wordpress.org,kffhquem,kffhquem@gmail.com,&f!o)L%%L^q*#Umm
Wordpress,hdquemada@gmail.com,hquemada,PepinAndGolnar,
quemada804376188.wordpress.com
Wordpress_oracle,hdquemada,YKQt8DicfP*5Pqfbq7,hdquemada@gmail.com
Workee,via_google
Works,hector.quemada@wmich.edu(userid,also),c2021BankOfAmerica
WPS,Office,kffhquem@gmail.com,$Z?F^$M0!#
Yahoo,hdq0305@yahoo.com,aqLnDngXNd92g6y,generated_by_Firefox
Yousician,hdq0305@yahoo.com,?!$zm^#3*R
YouVersion,hdquemada@gmail.com,spuntaG2
Zencastr,hdquemada@gmail.com,tAvkwFD7Q.EC8Ab,
Zillow,hdquemada@yahoo.com,spuntaG2
Ziteboard,hector.quemada@wmich.edu,L0ginWithWMU
Zoho,hdquemada@gmail.com,AchillesBurns2019
Zoom,hdquemada@gmail.com,joined_via_Google
Zoom,hector.quemada@wmich.edu,PrivacyPolicy888799
Zoom,kffhquem@gmail.com,joined_via_Google,licensed_account
Zotero,hdquemada,spuntaG23@#
